{"RuleTriggered": 0, "Violations": 0, "Details": {"pin_memory": false, "num_workers": 0, "cores": 36, "dataloaders": 1, "dataloading_time": {"p25": 0.022381500000000002, "p50": 0.022838, "p95": 0.02424815, "probs": [1, 0, 0, 0, 0, 0, 0, 0, 0, 0, 0, 0, 0, 0, 0, 0, 0, 0, 0, 0, 0, 0, 0, 0, 0, 0, 0, 0, 0, 0, 0, 0, 0, 0, 0, 0, 0, 0, 0, 0, 0, 0, 0, 0, 0, 0, 0, 0, 0, 0, 0, 0, 0, 0, 0, 0, 0, 0, 0, 0, 0, 0, 0, 0, 0, 0, 0, 0, 0, 0, 0, 0, 0, 0, 0, 0, 0, 0, 0, 0, 0, 0, 0, 0, 0, 0, 0, 1, 3, 0, 0, 0, 0, 1, 0, 0, 0, 1, 0, 3], "binedges": [0.008203, 0.00836387, 0.00852474, 0.00868561, 0.00884648, 0.00900735, 0.00916822, 0.00932909, 0.00948996, 0.009650829999999999, 0.0098117, 0.00997257, 0.01013344, 0.01029431, 0.01045518, 0.01061605, 0.010776919999999999, 0.01093779, 0.01109866, 0.01125953, 0.0114204, 0.01158127, 0.01174214, 0.011903009999999999, 0.012063879999999999, 0.01222475, 0.01238562, 0.01254649, 0.01270736, 0.01286823, 0.013029099999999998, 0.013189969999999999, 0.01335084, 0.01351171, 0.01367258, 0.013833449999999999, 0.01399432, 0.014155189999999998, 0.014316059999999999, 0.014476929999999999, 0.0146378, 0.01479867, 0.014959539999999999, 0.015120409999999999, 0.015281279999999998, 0.015442149999999998, 0.015603019999999999, 0.01576389, 0.01592476, 0.016085629999999997, 0.016246499999999997, 0.016407369999999998, 0.016568239999999998, 0.01672911, 0.01688998, 0.01705085, 0.01721172, 0.01737259, 0.01753346, 0.017694329999999998, 0.017855199999999998, 0.01801607, 0.01817694, 0.018337809999999996, 0.018498679999999997, 0.018659549999999997, 0.018820419999999997, 0.018981289999999998, 0.01914216, 0.01930303, 0.0194639, 0.01962477, 0.01978564, 0.019946509999999997, 0.020107379999999998, 0.020268249999999998, 0.02042912, 0.020589989999999996, 0.020750859999999996, 0.020911729999999996, 0.021072599999999997, 0.021233469999999997, 0.021394339999999998, 0.021555209999999998, 0.02171608, 0.02187695, 0.02203782, 0.02219869, 0.022359559999999997, 0.022520429999999998, 0.022681299999999998, 0.022842169999999995, 0.023003039999999995, 0.023163909999999996, 0.023324779999999996, 0.023485649999999997, 0.023646519999999997, 0.023807389999999998, 0.023968259999999998, 0.02412913, 0.02429]}}, "Datapoints": 10, "RuleParameters": "min_threshold:70\nmax_threshold:200"}