{"RuleTriggered": 0, "Violations": 0, "Details": {"step_num": {"first": 1651984890137493, "last": 1651987414425374}, "job_start": 1651984815.483272, "job_end": 1651987439.983489}, "Datapoints": 85, "RuleParameters": "threshold:20"}