{"RuleTriggered": 0, "Violations": 0, "Details": {"ratio": {"cpu_functions": 100.0}, "phase": {"Step:ModeKeys.GLOBAL": 85.1199870990213, "others": 14.880012900978704}, "phase_time": {}, "general": {"DataLoaderIterInitialize": 0.008300800810844668, "Forward": 99.98231521598824, "DataLoaderIter": 0.009383983200913909}, "CPU": {"dropout": 2.9664338966544013, "matmul": 10.380246242116758, "mm": 30.45710636208636, "NativeLayerNormBackward": 5.782363979245278, "native_layer_norm_backward": 5.780893881054534, "MmBackward": 21.414272236758954, "GeluBackward": 11.609496962915653, "gelu_backward": 11.609186439168056}, "CPU_total": {"dropout": 11071929, "matmul": 38743270, "mm": 113678218, "NativeLayerNormBackward": 21582117, "native_layer_norm_backward": 21576630, "MmBackward": 79926710, "GeluBackward": 43331330, "gelu_backward": 43330171}}, "Datapoints": 0, "RuleParameters": ""}